iteration,current_score,best_score,tabu_list_size,best_mood_fit,best_smoothness,best_diversity,best_popularity,best_duration_fit
0,0.8766887750618221,0.8766887750618221,1,0.9482600023676471,0.9638797058823529,0.986102988812787,0.37000000000000005,0.6960724999999996
1,0.8830678254630089,0.8830678254630089,2,0.947972839132353,0.9609262693498453,0.986102988812787,0.398,0.7402516666666663
2,0.8931005616603513,0.8931005616603513,3,0.9486082213544117,0.9572579411764707,0.9886909944609477,0.4,0.8403500000000002
3,0.8997674159744756,0.8997674159744756,4,0.9479543095897057,0.954210572755418,0.986102988812787,0.4205,0.9016016666666673
4,0.9107968510864466,0.9107968510864466,5,0.9473457525308822,0.951905959752322,0.986102988812787,0.44700000000000006,0.9932874999999995
5,0.9127563859916324,0.9127563859916324,6,0.9462374312073528,0.9507217492260063,0.986102988812787,0.47400000000000003,0.9927225
6,0.9135591208024831,0.9135591208024831,7,0.9465584720749998,0.9522428018575851,0.9936693588925177,0.471,0.9836908333333334
7,0.9191328560192014,0.9191328560192014,8,0.9483176779573528,0.954563854489164,0.9936693588925177,0.508,0.9904683333333335
8,0.9219597008583266,0.9219597008583266,9,0.9486144308073529,0.9513108359133127,0.9911817888204576,0.539,0.9998058333333333
9,0.9221791413227228,0.9221791413227228,10,0.9488325955132353,0.9537221671826626,0.9911817888204576,0.5435000000000001,0.9907083333333333
10,0.9233168104748126,0.9233168104748126,11,0.9488440562485294,0.95137479876161,0.9911817888204576,0.554,0.9974133333333335
11,0.9223438524433369,0.9233168104748126,12,0.9488440562485294,0.95137479876161,0.9911817888204576,0.554,0.9974133333333335
12,0.9230488780238323,0.9233168104748126,13,0.9488440562485294,0.95137479876161,0.9911817888204576,0.554,0.9974133333333335
13,0.9244710473865774,0.9244710473865774,14,0.9479836827191177,0.9487512693498452,0.9911817888204576,0.5760000000000002,0.9965258333333334
14,0.9252582824613074,0.9252582824613074,15,0.9464346787485294,0.9523744891640867,0.9892651130415017,0.5850000000000002,0.9955950000000001
15,0.9247200493982362,0.9252582824613074,16,0.9464346787485294,0.9523744891640867,0.9892651130415017,0.5850000000000002,0.9955950000000001
16,0.9267050156572304,0.9267050156572304,17,0.9483728082514705,0.9564796439628481,0.9936693588925177,0.5725000000000001,0.9967075000000009
17,0.9259925776670342,0.9267050156572304,18,0.9483728082514705,0.9564796439628481,0.9936693588925177,0.5725000000000001,0.9967075000000009
18,0.9280866505923023,0.9280866505923023,19,0.9482538058397058,0.9590461764705881,0.9911817888204576,0.5900000000000001,0.9919991666666675
19,0.9285312570989742,0.9285312570989742,20,0.9485895411338234,0.9587865170278637,0.9936693588925177,0.5810000000000001,0.9999441666666662
20,0.9270355525896348,0.9285312570989742,21,0.9485895411338234,0.9587865170278637,0.9936693588925177,0.5810000000000001,0.9999441666666662
21,0.9270995551360744,0.9285312570989742,22,0.9485895411338234,0.9587865170278637,0.9936693588925177,0.5810000000000001,0.9999441666666662
22,0.926175626953799,0.9285312570989742,23,0.9485895411338234,0.9587865170278637,0.9936693588925177,0.5810000000000001,0.9999441666666662
23,0.9277117390381585,0.9285312570989742,24,0.9485895411338234,0.9587865170278637,0.9936693588925177,0.5810000000000001,0.9999441666666662
24,0.9273642779339274,0.9285312570989742,25,0.9485895411338234,0.9587865170278637,0.9936693588925177,0.5810000000000001,0.9999441666666662
25,0.9297509143079011,0.9297509143079011,26,0.9488427582514705,0.9549509752321982,0.9936693588925177,0.6065,0.9953433333333337
26,0.9292123521920542,0.9297509143079011,27,0.9488427582514705,0.9549509752321982,0.9936693588925177,0.6065,0.9953433333333337
27,0.9291452176062189,0.9297509143079011,28,0.9488427582514705,0.9549509752321982,0.9936693588925177,0.6065,0.9953433333333337
28,0.9282623148477379,0.9297509143079011,29,0.9488427582514705,0.9549509752321982,0.9936693588925177,0.6065,0.9953433333333337
29,0.9291625399380373,0.9297509143079011,30,0.9488427582514705,0.9549509752321982,0.9936693588925177,0.6065,0.9953433333333337
30,0.9288316316849469,0.9297509143079011,30,0.9488427582514705,0.9549509752321982,0.9936693588925177,0.6065,0.9953433333333337
31,0.9291142434238531,0.9297509143079011,30,0.9488427582514705,0.9549509752321982,0.9936693588925177,0.6065,0.9953433333333337
32,0.9293252876253141,0.9297509143079011,30,0.9488427582514705,0.9549509752321982,0.9936693588925177,0.6065,0.9953433333333337
33,0.929552053259989,0.9297509143079011,30,0.9488427582514705,0.9549509752321982,0.9936693588925177,0.6065,0.9953433333333337
34,0.9291376327344174,0.9297509143079011,30,0.9488427582514705,0.9549509752321982,0.9936693588925177,0.6065,0.9953433333333337
35,0.9286051454039519,0.9297509143079011,30,0.9488427582514705,0.9549509752321982,0.9936693588925177,0.6065,0.9953433333333337
36,0.9283303173595762,0.9297509143079011,30,0.9488427582514705,0.9549509752321982,0.9936693588925177,0.6065,0.9953433333333337
37,0.9276864108064287,0.9297509143079011,30,0.9488427582514705,0.9549509752321982,0.9936693588925177,0.6065,0.9953433333333337
38,0.9280697743582862,0.9297509143079011,30,0.9488427582514705,0.9549509752321982,0.9936693588925177,0.6065,0.9953433333333337
39,0.9282768575040609,0.9297509143079011,30,0.9488427582514705,0.9549509752321982,0.9936693588925177,0.6065,0.9953433333333337
40,0.9284657542935215,0.9297509143079011,30,0.9488427582514705,0.9549509752321982,0.9936693588925177,0.6065,0.9953433333333337
41,0.9281513338959411,0.9297509143079011,30,0.9488427582514705,0.9549509752321982,0.9936693588925177,0.6065,0.9953433333333337
42,0.9284432632432063,0.9297509143079011,30,0.9488427582514705,0.9549509752321982,0.9936693588925177,0.6065,0.9953433333333337
43,0.9274288093127934,0.9297509143079011,30,0.9488427582514705,0.9549509752321982,0.9936693588925177,0.6065,0.9953433333333337
44,0.9297022293602005,0.9297509143079011,30,0.9488427582514705,0.9549509752321982,0.9936693588925177,0.6065,0.9953433333333337
45,0.9290582382376813,0.9297509143079011,30,0.9488427582514705,0.9549509752321982,0.9936693588925177,0.6065,0.9953433333333337
46,0.9282871991440279,0.9297509143079011,30,0.9488427582514705,0.9549509752321982,0.9936693588925177,0.6065,0.9953433333333337
47,0.9294392695645645,0.9297509143079011,30,0.9488427582514705,0.9549509752321982,0.9936693588925177,0.6065,0.9953433333333337
48,0.9316435232797349,0.9316435232797349,30,0.9490001330014705,0.9508685913312693,0.9966337278153476,0.627,0.9974958333333337
49,0.9307551591742137,0.9316435232797349,30,0.9490001330014705,0.9508685913312693,0.9966337278153476,0.627,0.9974958333333337
50,0.9302057797941828,0.9316435232797349,30,0.9490001330014705,0.9508685913312693,0.9966337278153476,0.627,0.9974958333333337
51,0.9319307326966596,0.9319307326966596,30,0.9500422800602941,0.9514420897832817,0.9966337278153476,0.6380000000000001,0.9842866666666673
52,0.931802483651252,0.9319307326966596,30,0.9500422800602941,0.9514420897832817,0.9966337278153476,0.6380000000000001,0.9842866666666673
53,0.9319115582224594,0.9319307326966596,30,0.9500422800602941,0.9514420897832817,0.9966337278153476,0.6380000000000001,0.9842866666666673
54,0.9322119653561022,0.9322119653561022,30,0.9499746365308823,0.949414721362229,0.9966337278153476,0.6435000000000002,0.986904166666666
55,0.9350013908422606,0.9350013908422606,30,0.9516352470161763,0.9530432352941176,0.9966337278153476,0.6490000000000001,0.9944149999999994
56,0.9341778692220336,0.9350013908422606,30,0.9516352470161763,0.9530432352941176,0.9966337278153476,0.6490000000000001,0.9944149999999994
57,0.9340331897715692,0.9350013908422606,30,0.9516352470161763,0.9530432352941176,0.9966337278153476,0.6490000000000001,0.9944149999999994
58,0.9336337417227778,0.9350013908422606,30,0.9516352470161763,0.9530432352941176,0.9966337278153476,0.6490000000000001,0.9944149999999994
59,0.9339177782423858,0.9350013908422606,30,0.9516352470161763,0.9530432352941176,0.9966337278153476,0.6490000000000001,0.9944149999999994
60,0.933205894982663,0.9350013908422606,30,0.9516352470161763,0.9530432352941176,0.9966337278153476,0.6490000000000001,0.9944149999999994
61,0.9332163907256972,0.9350013908422606,30,0.9516352470161763,0.9530432352941176,0.9966337278153476,0.6490000000000001,0.9944149999999994
62,0.9323573600565151,0.9350013908422606,30,0.9516352470161763,0.9530432352941176,0.9966337278153476,0.6490000000000001,0.9944149999999994
63,0.9332774098900032,0.9350013908422606,30,0.9516352470161763,0.9530432352941176,0.9966337278153476,0.6490000000000001,0.9944149999999994
64,0.933334491626593,0.9350013908422606,30,0.9516352470161763,0.9530432352941176,0.9966337278153476,0.6490000000000001,0.9944149999999994
65,0.9329678632932598,0.9350013908422606,30,0.9516352470161763,0.9530432352941176,0.9966337278153476,0.6490000000000001,0.9944149999999994
66,0.93292025452262,0.9350013908422606,30,0.9516352470161763,0.9530432352941176,0.9966337278153476,0.6490000000000001,0.9944149999999994
67,0.9337037781910869,0.9350013908422606,30,0.9516352470161763,0.9530432352941176,0.9966337278153476,0.6490000000000001,0.9944149999999994
68,0.933973375043512,0.9350013908422606,30,0.9516352470161763,0.9530432352941176,0.9966337278153476,0.6490000000000001,0.9944149999999994
69,0.9333231821095594,0.9350013908422606,30,0.9516352470161763,0.9530432352941176,0.9966337278153476,0.6490000000000001,0.9944149999999994
70,0.9344799033329856,0.9350013908422606,30,0.9516352470161763,0.9530432352941176,0.9966337278153476,0.6490000000000001,0.9944149999999994
71,0.9330443301707106,0.9350013908422606,30,0.9516352470161763,0.9530432352941176,0.9966337278153476,0.6490000000000001,0.9944149999999994
72,0.9329217937491421,0.9350013908422606,30,0.9516352470161763,0.9530432352941176,0.9966337278153476,0.6490000000000001,0.9944149999999994
73,0.9337187765124676,0.9350013908422606,30,0.9516352470161763,0.9530432352941176,0.9966337278153476,0.6490000000000001,0.9944149999999994
74,0.9339181384269917,0.9350013908422606,30,0.9516352470161763,0.9530432352941176,0.9966337278153476,0.6490000000000001,0.9944149999999994
75,0.9350692478439162,0.9350692478439162,30,0.9507162218999999,0.9522881269349845,0.9936693588925177,0.6635000000000001,0.9916266666666662
76,0.9352211401011346,0.9352211401011346,30,0.951806339547059,0.9524367027863776,0.9966337278153476,0.6515000000000001,0.9950299999999995
77,0.9343407273689364,0.9352211401011346,30,0.951806339547059,0.9524367027863776,0.9966337278153476,0.6515000000000001,0.9950299999999995
78,0.9334419056052753,0.9352211401011346,30,0.951806339547059,0.9524367027863776,0.9966337278153476,0.6515000000000001,0.9950299999999995
79,0.9321912300247801,0.9352211401011346,30,0.951806339547059,0.9524367027863776,0.9966337278153476,0.6515000000000001,0.9950299999999995
80,0.9321626795761274,0.9352211401011346,30,0.951806339547059,0.9524367027863776,0.9966337278153476,0.6515000000000001,0.9950299999999995
81,0.9311746164698322,0.9352211401011346,30,0.951806339547059,0.9524367027863776,0.9966337278153476,0.6515000000000001,0.9950299999999995
82,0.9325962860518756,0.9352211401011346,30,0.951806339547059,0.9524367027863776,0.9966337278153476,0.6515000000000001,0.9950299999999995
83,0.9337992437273142,0.9352211401011346,30,0.951806339547059,0.9524367027863776,0.9966337278153476,0.6515000000000001,0.9950299999999995
84,0.9321300460879953,0.9352211401011346,30,0.951806339547059,0.9524367027863776,0.9966337278153476,0.6515000000000001,0.9950299999999995
85,0.9321527809951159,0.9352211401011346,30,0.951806339547059,0.9524367027863776,0.9966337278153476,0.6515000000000001,0.9950299999999995
86,0.9310511898829902,0.9352211401011346,30,0.951806339547059,0.9524367027863776,0.9966337278153476,0.6515000000000001,0.9950299999999995
87,0.9302773361740099,0.9352211401011346,30,0.951806339547059,0.9524367027863776,0.9966337278153476,0.6515000000000001,0.9950299999999995
88,0.9312253516029056,0.9352211401011346,30,0.951806339547059,0.9524367027863776,0.9966337278153476,0.6515000000000001,0.9950299999999995
89,0.9318174547891802,0.9352211401011346,30,0.951806339547059,0.9524367027863776,0.9966337278153476,0.6515000000000001,0.9950299999999995
90,0.9316990413206133,0.9352211401011346,30,0.951806339547059,0.9524367027863776,0.9966337278153476,0.6515000000000001,0.9950299999999995
91,0.9326308233768569,0.9352211401011346,30,0.951806339547059,0.9524367027863776,0.9966337278153476,0.6515000000000001,0.9950299999999995
92,0.9321925017914597,0.9352211401011346,30,0.951806339547059,0.9524367027863776,0.9966337278153476,0.6515000000000001,0.9950299999999995
93,0.9326654849986378,0.9352211401011346,30,0.951806339547059,0.9524367027863776,0.9966337278153476,0.6515000000000001,0.9950299999999995
94,0.9325913217033591,0.9352211401011346,30,0.951806339547059,0.9524367027863776,0.9966337278153476,0.6515000000000001,0.9950299999999995
95,0.9327472079411169,0.9352211401011346,30,0.951806339547059,0.9524367027863776,0.9966337278153476,0.6515000000000001,0.9950299999999995
96,0.935008902445761,0.9352211401011346,30,0.951806339547059,0.9524367027863776,0.9966337278153476,0.6515000000000001,0.9950299999999995
97,0.9342890888957095,0.9352211401011346,30,0.951806339547059,0.9524367027863776,0.9966337278153476,0.6515000000000001,0.9950299999999995
98,0.9334862852550948,0.9352211401011346,30,0.951806339547059,0.9524367027863776,0.9966337278153476,0.6515000000000001,0.9950299999999995
99,0.9322670332169112,0.9352211401011346,30,0.951806339547059,0.9524367027863776,0.9966337278153476,0.6515000000000001,0.9950299999999995
100,0.9324064375387725,0.9352211401011346,30,0.951806339547059,0.9524367027863776,0.9966337278153476,0.6515000000000001,0.9950299999999995
101,0.9385502190642783,0.9385502190642783,30,0.9535552456808825,0.9655452167182663,0.9966337278153476,0.6465000000000001,0.9944283333333331
102,0.939580067328841,0.939580067328841,30,0.9532262893735295,0.9671391486068114,0.9966337278153476,0.6485000000000001,0.9998933333333333
103,0.9395113381719783,0.939580067328841,30,0.9532262893735295,0.9671391486068114,0.9966337278153476,0.6485000000000001,0.9998933333333333
104,0.9399192025214016,0.9399192025214016,30,0.9519665975014707,0.9670185913312693,0.9966337278153476,0.6645000000000001,0.991995
105,0.9397167191854883,0.9399192025214016,30,0.9519665975014707,0.9670185913312693,0.9966337278153476,0.6645000000000001,0.991995
106,0.9386423048260674,0.9399192025214016,30,0.9519665975014707,0.9670185913312693,0.9966337278153476,0.6645000000000001,0.991995
107,0.9404343100402057,0.9404343100402057,30,0.9506852592661765,0.962249210526316,0.9999999999939914,0.6715000000000001,0.9998216666666668
108,0.9409046189204946,0.9409046189204946,30,0.9511437239720587,0.9642059287925697,0.9999999999939914,0.6755,0.9940283333333333
109,0.9404582516604326,0.9409046189204946,30,0.9511437239720587,0.9642059287925697,0.9999999999939914,0.6755,0.9940283333333333
110,0.9407935594143233,0.9409046189204946,30,0.9511437239720587,0.9642059287925697,0.9999999999939914,0.6755,0.9940283333333333
111,0.9398269629367783,0.9409046189204946,30,0.9511437239720587,0.9642059287925697,0.9999999999939914,0.6755,0.9940283333333333
112,0.939919241408201,0.9409046189204946,30,0.9511437239720587,0.9642059287925697,0.9999999999939914,0.6755,0.9940283333333333
113,0.9396118033824012,0.9409046189204946,30,0.9511437239720587,0.9642059287925697,0.9999999999939914,0.6755,0.9940283333333333
114,0.9402147791588382,0.9409046189204946,30,0.9511437239720587,0.9642059287925697,0.9999999999939914,0.6755,0.9940283333333333
115,0.9396556758577547,0.9409046189204946,30,0.9511437239720587,0.9642059287925697,0.9999999999939914,0.6755,0.9940283333333333
116,0.9417528722831933,0.9417528722831933,30,0.9502164410838235,0.9603758049535603,0.9999999999939914,0.6935,0.997331666666667
117,0.9399047539284758,0.9417528722831933,30,0.9502164410838235,0.9603758049535603,0.9999999999939914,0.6935,0.997331666666667
118,0.9407996207739053,0.9417528722831933,30,0.9502164410838235,0.9603758049535603,0.9999999999939914,0.6935,0.997331666666667
119,0.9395927044782307,0.9417528722831933,30,0.9502164410838235,0.9603758049535603,0.9999999999939914,0.6935,0.997331666666667
120,0.9406450567454263,0.9417528722831933,30,0.9502164410838235,0.9603758049535603,0.9999999999939914,0.6935,0.997331666666667
121,0.9423313863100219,0.9423313863100219,30,0.9498351793632352,0.9620644736842106,0.9936693588925177,0.7075,0.9988908333333335
122,0.9404250425484119,0.9423313863100219,30,0.9498351793632352,0.9620644736842106,0.9936693588925177,0.7075,0.9988908333333335
123,0.9400660108445033,0.9423313863100219,30,0.9498351793632352,0.9620644736842106,0.9936693588925177,0.7075,0.9988908333333335
124,0.9398100745938913,0.9423313863100219,30,0.9498351793632352,0.9620644736842106,0.9936693588925177,0.7075,0.9988908333333335
125,0.939562678569903,0.9423313863100219,30,0.9498351793632352,0.9620644736842106,0.9936693588925177,0.7075,0.9988908333333335
126,0.9384153995709351,0.9423313863100219,30,0.9498351793632352,0.9620644736842106,0.9936693588925177,0.7075,0.9988908333333335
127,0.9368680342622225,0.9423313863100219,30,0.9498351793632352,0.9620644736842106,0.9936693588925177,0.7075,0.9988908333333335
128,0.9367952416655092,0.9423313863100219,30,0.9498351793632352,0.9620644736842106,0.9936693588925177,0.7075,0.9988908333333335
129,0.9380576880586621,0.9423313863100219,30,0.9498351793632352,0.9620644736842106,0.9936693588925177,0.7075,0.9988908333333335
130,0.9369717089741292,0.9423313863100219,30,0.9498351793632352,0.9620644736842106,0.9936693588925177,0.7075,0.9988908333333335
131,0.9366029029627773,0.9423313863100219,30,0.9498351793632352,0.9620644736842106,0.9936693588925177,0.7075,0.9988908333333335
132,0.9388112125357906,0.9423313863100219,30,0.9498351793632352,0.9620644736842106,0.9936693588925177,0.7075,0.9988908333333335
133,0.9385992520363492,0.9423313863100219,30,0.9498351793632352,0.9620644736842106,0.9936693588925177,0.7075,0.9988908333333335
134,0.937787387098005,0.9423313863100219,30,0.9498351793632352,0.9620644736842106,0.9936693588925177,0.7075,0.9988908333333335
135,0.9399494608624586,0.9423313863100219,30,0.9498351793632352,0.9620644736842106,0.9936693588925177,0.7075,0.9988908333333335
136,0.9403738348128327,0.9423313863100219,30,0.9498351793632352,0.9620644736842106,0.9936693588925177,0.7075,0.9988908333333335
137,0.9414493390131552,0.9423313863100219,30,0.9498351793632352,0.9620644736842106,0.9936693588925177,0.7075,0.9988908333333335
138,0.941550274610385,0.9423313863100219,30,0.9498351793632352,0.9620644736842106,0.9936693588925177,0.7075,0.9988908333333335
139,0.9401022437522968,0.9423313863100219,30,0.9498351793632352,0.9620644736842106,0.9936693588925177,0.7075,0.9988908333333335
140,0.9390751034648445,0.9423313863100219,30,0.9498351793632352,0.9620644736842106,0.9936693588925177,0.7075,0.9988908333333335
141,0.9387154688028218,0.9423313863100219,30,0.9498351793632352,0.9620644736842106,0.9936693588925177,0.7075,0.9988908333333335
142,0.9394215095435396,0.9423313863100219,30,0.9498351793632352,0.9620644736842106,0.9936693588925177,0.7075,0.9988908333333335
143,0.9392458262842721,0.9423313863100219,30,0.9498351793632352,0.9620644736842106,0.9936693588925177,0.7075,0.9988908333333335
144,0.9402971882295765,0.9423313863100219,30,0.9498351793632352,0.9620644736842106,0.9936693588925177,0.7075,0.9988908333333335
145,0.9398183395185342,0.9423313863100219,30,0.9498351793632352,0.9620644736842106,0.9936693588925177,0.7075,0.9988908333333335
146,0.9401490670053764,0.9423313863100219,30,0.9498351793632352,0.9620644736842106,0.9936693588925177,0.7075,0.9988908333333335
147,0.9394374091802631,0.9423313863100219,30,0.9498351793632352,0.9620644736842106,0.9936693588925177,0.7075,0.9988908333333335
148,0.9392211765975875,0.9423313863100219,30,0.9498351793632352,0.9620644736842106,0.9936693588925177,0.7075,0.9988908333333335
149,0.9383618415911377,0.9423313863100219,30,0.9498351793632352,0.9620644736842106,0.9936693588925177,0.7075,0.9988908333333335
150,0.9391239701311079,0.9423313863100219,30,0.9498351793632352,0.9620644736842106,0.9936693588925177,0.7075,0.9988908333333335
151,0.9415375935968014,0.9423313863100219,30,0.9498351793632352,0.9620644736842106,0.9936693588925177,0.7075,0.9988908333333335
152,0.9404195581894285,0.9423313863100219,30,0.9498351793632352,0.9620644736842106,0.9936693588925177,0.7075,0.9988908333333335
153,0.9392812060093457,0.9423313863100219,30,0.9498351793632352,0.9620644736842106,0.9936693588925177,0.7075,0.9988908333333335
154,0.9388807478011416,0.9423313863100219,30,0.9498351793632352,0.9620644736842106,0.9936693588925177,0.7075,0.9988908333333335
155,0.9380865444987679,0.9423313863100219,30,0.9498351793632352,0.9620644736842106,0.9936693588925177,0.7075,0.9988908333333335
156,0.9388270339118585,0.9423313863100219,30,0.9498351793632352,0.9620644736842106,0.9936693588925177,0.7075,0.9988908333333335
157,0.9383115080991651,0.9423313863100219,30,0.9498351793632352,0.9620644736842106,0.9936693588925177,0.7075,0.9988908333333335
158,0.9383918556595494,0.9423313863100219,30,0.9498351793632352,0.9620644736842106,0.9936693588925177,0.7075,0.9988908333333335
159,0.9385504252080171,0.9423313863100219,30,0.9498351793632352,0.9620644736842106,0.9936693588925177,0.7075,0.9988908333333335
160,0.9389540970849523,0.9423313863100219,30,0.9498351793632352,0.9620644736842106,0.9936693588925177,0.7075,0.9988908333333335
161,0.9387462539102877,0.9423313863100219,30,0.9498351793632352,0.9620644736842106,0.9936693588925177,0.7075,0.9988908333333335
162,0.9384653988995563,0.9423313863100219,30,0.9498351793632352,0.9620644736842106,0.9936693588925177,0.7075,0.9988908333333335
163,0.937415621552711,0.9423313863100219,30,0.9498351793632352,0.9620644736842106,0.9936693588925177,0.7075,0.9988908333333335
164,0.9375940781247272,0.9423313863100219,30,0.9498351793632352,0.9620644736842106,0.9936693588925177,0.7075,0.9988908333333335
165,0.9376055870554978,0.9423313863100219,30,0.9498351793632352,0.9620644736842106,0.9936693588925177,0.7075,0.9988908333333335
166,0.9376711401341872,0.9423313863100219,30,0.9498351793632352,0.9620644736842106,0.9936693588925177,0.7075,0.9988908333333335
167,0.9377425973091055,0.9423313863100219,30,0.9498351793632352,0.9620644736842106,0.9936693588925177,0.7075,0.9988908333333335
168,0.9384953970730373,0.9423313863100219,30,0.9498351793632352,0.9620644736842106,0.9936693588925177,0.7075,0.9988908333333335
169,0.9391085942608559,0.9423313863100219,30,0.9498351793632352,0.9620644736842106,0.9936693588925177,0.7075,0.9988908333333335
170,0.9387920595066982,0.9423313863100219,30,0.9498351793632352,0.9620644736842106,0.9936693588925177,0.7075,0.9988908333333335
171,0.937904259250536,0.9423313863100219,30,0.9498351793632352,0.9620644736842106,0.9936693588925177,0.7075,0.9988908333333335
172,0.9396124179639003,0.9423313863100219,30,0.9498351793632352,0.9620644736842106,0.9936693588925177,0.7075,0.9988908333333335
173,0.9387883777936216,0.9423313863100219,30,0.9498351793632352,0.9620644736842106,0.9936693588925177,0.7075,0.9988908333333335
174,0.9377554755366557,0.9423313863100219,30,0.9498351793632352,0.9620644736842106,0.9936693588925177,0.7075,0.9988908333333335
175,0.9369937678722813,0.9423313863100219,30,0.9498351793632352,0.9620644736842106,0.9936693588925177,0.7075,0.9988908333333335
176,0.9353514178898291,0.9423313863100219,30,0.9498351793632352,0.9620644736842106,0.9936693588925177,0.7075,0.9988908333333335
177,0.9360702712105076,0.9423313863100219,30,0.9498351793632352,0.9620644736842106,0.9936693588925177,0.7075,0.9988908333333335
178,0.9379799636937378,0.9423313863100219,30,0.9498351793632352,0.9620644736842106,0.9936693588925177,0.7075,0.9988908333333335
179,0.9360754516289492,0.9423313863100219,30,0.9498351793632352,0.9620644736842106,0.9936693588925177,0.7075,0.9988908333333335
180,0.9368795925603218,0.9423313863100219,30,0.9498351793632352,0.9620644736842106,0.9936693588925177,0.7075,0.9988908333333335
181,0.9362585221121497,0.9423313863100219,30,0.9498351793632352,0.9620644736842106,0.9936693588925177,0.7075,0.9988908333333335
182,0.9359154002769111,0.9423313863100219,30,0.9498351793632352,0.9620644736842106,0.9936693588925177,0.7075,0.9988908333333335
183,0.9382460153661655,0.9423313863100219,30,0.9498351793632352,0.9620644736842106,0.9936693588925177,0.7075,0.9988908333333335
184,0.9392614551494471,0.9423313863100219,30,0.9498351793632352,0.9620644736842106,0.9936693588925177,0.7075,0.9988908333333335
185,0.938899149401517,0.9423313863100219,30,0.9498351793632352,0.9620644736842106,0.9936693588925177,0.7075,0.9988908333333335
186,0.938884436398421,0.9423313863100219,30,0.9498351793632352,0.9620644736842106,0.9936693588925177,0.7075,0.9988908333333335
187,0.9388022303290195,0.9423313863100219,30,0.9498351793632352,0.9620644736842106,0.9936693588925177,0.7075,0.9988908333333335
188,0.9382129215800458,0.9423313863100219,30,0.9498351793632352,0.9620644736842106,0.9936693588925177,0.7075,0.9988908333333335
189,0.9368672666732649,0.9423313863100219,30,0.9498351793632352,0.9620644736842106,0.9936693588925177,0.7075,0.9988908333333335
190,0.9383022917197403,0.9423313863100219,30,0.9498351793632352,0.9620644736842106,0.9936693588925177,0.7075,0.9988908333333335
191,0.9383470380535897,0.9423313863100219,30,0.9498351793632352,0.9620644736842106,0.9936693588925177,0.7075,0.9988908333333335
192,0.9380250686743722,0.9423313863100219,30,0.9498351793632352,0.9620644736842106,0.9936693588925177,0.7075,0.9988908333333335
193,0.9377614018916065,0.9423313863100219,30,0.9498351793632352,0.9620644736842106,0.9936693588925177,0.7075,0.9988908333333335
194,0.9360095448095632,0.9423313863100219,30,0.9498351793632352,0.9620644736842106,0.9936693588925177,0.7075,0.9988908333333335
195,0.9374868755922645,0.9423313863100219,30,0.9498351793632352,0.9620644736842106,0.9936693588925177,0.7075,0.9988908333333335
196,0.9367962983782938,0.9423313863100219,30,0.9498351793632352,0.9620644736842106,0.9936693588925177,0.7075,0.9988908333333335
197,0.9361791935495829,0.9423313863100219,30,0.9498351793632352,0.9620644736842106,0.9936693588925177,0.7075,0.9988908333333335
198,0.9361300535470031,0.9423313863100219,30,0.9498351793632352,0.9620644736842106,0.9936693588925177,0.7075,0.9988908333333335
199,0.9353532135315232,0.9423313863100219,30,0.9498351793632352,0.9620644736842106,0.9936693588925177,0.7075,0.9988908333333335
200,0.9347666080437036,0.9423313863100219,30,0.9498351793632352,0.9620644736842106,0.9936693588925177,0.7075,0.9988908333333335
201,0.9359078571613865,0.9423313863100219,30,0.9498351793632352,0.9620644736842106,0.9936693588925177,0.7075,0.9988908333333335
202,0.9355816648203528,0.9423313863100219,30,0.9498351793632352,0.9620644736842106,0.9936693588925177,0.7075,0.9988908333333335
203,0.9357630006444189,0.9423313863100219,30,0.9498351793632352,0.9620644736842106,0.9936693588925177,0.7075,0.9988908333333335
204,0.9360017156970108,0.9423313863100219,30,0.9498351793632352,0.9620644736842106,0.9936693588925177,0.7075,0.9988908333333335
205,0.9358455060688762,0.9423313863100219,30,0.9498351793632352,0.9620644736842106,0.9936693588925177,0.7075,0.9988908333333335
206,0.9382581662301792,0.9423313863100219,30,0.9498351793632352,0.9620644736842106,0.9936693588925177,0.7075,0.9988908333333335
207,0.9391453340462609,0.9423313863100219,30,0.9498351793632352,0.9620644736842106,0.9936693588925177,0.7075,0.9988908333333335
208,0.938275982499582,0.9423313863100219,30,0.9498351793632352,0.9620644736842106,0.9936693588925177,0.7075,0.9988908333333335
209,0.9372246343442672,0.9423313863100219,30,0.9498351793632352,0.9620644736842106,0.9936693588925177,0.7075,0.9988908333333335
210,0.9368318219018356,0.9423313863100219,30,0.9498351793632352,0.9620644736842106,0.9936693588925177,0.7075,0.9988908333333335
211,0.9375379057483211,0.9423313863100219,30,0.9498351793632352,0.9620644736842106,0.9936693588925177,0.7075,0.9988908333333335
212,0.9374211521229341,0.9423313863100219,30,0.9498351793632352,0.9620644736842106,0.9936693588925177,0.7075,0.9988908333333335
213,0.9370811838336397,0.9423313863100219,30,0.9498351793632352,0.9620644736842106,0.9936693588925177,0.7075,0.9988908333333335
214,0.9385164978300096,0.9423313863100219,30,0.9498351793632352,0.9620644736842106,0.9936693588925177,0.7075,0.9988908333333335
215,0.9382911591480309,0.9423313863100219,30,0.9498351793632352,0.9620644736842106,0.9936693588925177,0.7075,0.9988908333333335
216,0.9375394328846207,0.9423313863100219,30,0.9498351793632352,0.9620644736842106,0.9936693588925177,0.7075,0.9988908333333335
217,0.9391689562615867,0.9423313863100219,30,0.9498351793632352,0.9620644736842106,0.9936693588925177,0.7075,0.9988908333333335
218,0.937743063003591,0.9423313863100219,30,0.9498351793632352,0.9620644736842106,0.9936693588925177,0.7075,0.9988908333333335
219,0.9396225110427708,0.9423313863100219,30,0.9498351793632352,0.9620644736842106,0.9936693588925177,0.7075,0.9988908333333335
220,0.941652639289166,0.9423313863100219,30,0.9498351793632352,0.9620644736842106,0.9936693588925177,0.7075,0.9988908333333335
221,0.9391096695159519,0.9423313863100219,30,0.9498351793632352,0.9620644736842106,0.9936693588925177,0.7075,0.9988908333333335
222,0.9112444240431404,0.9423313863100219,30,0.9498351793632352,0.9620644736842106,0.9936693588925177,0.7075,0.9988908333333335
223,0.9194033582530565,0.9423313863100219,30,0.9498351793632352,0.9620644736842106,0.9936693588925177,0.7075,0.9988908333333335
224,0.9277494000726669,0.9423313863100219,30,0.9498351793632352,0.9620644736842106,0.9936693588925177,0.7075,0.9988908333333335
225,0.9351164298714415,0.9423313863100219,30,0.9498351793632352,0.9620644736842106,0.9936693588925177,0.7075,0.9988908333333335
226,0.9364010953924606,0.9423313863100219,30,0.9498351793632352,0.9620644736842106,0.9936693588925177,0.7075,0.9988908333333335
227,0.9355268740689312,0.9423313863100219,30,0.9498351793632352,0.9620644736842106,0.9936693588925177,0.7075,0.9988908333333335
228,0.9362967230955952,0.9423313863100219,30,0.9498351793632352,0.9620644736842106,0.9936693588925177,0.7075,0.9988908333333335
229,0.9359001647312417,0.9423313863100219,30,0.9498351793632352,0.9620644736842106,0.9936693588925177,0.7075,0.9988908333333335
230,0.9344192250082959,0.9423313863100219,30,0.9498351793632352,0.9620644736842106,0.9936693588925177,0.7075,0.9988908333333335
231,0.9356394646219439,0.9423313863100219,30,0.9498351793632352,0.9620644736842106,0.9936693588925177,0.7075,0.9988908333333335
232,0.9350686984895056,0.9423313863100219,30,0.9498351793632352,0.9620644736842106,0.9936693588925177,0.7075,0.9988908333333335
233,0.9365301973728547,0.9423313863100219,30,0.9498351793632352,0.9620644736842106,0.9936693588925177,0.7075,0.9988908333333335
234,0.936953518075806,0.9423313863100219,30,0.9498351793632352,0.9620644736842106,0.9936693588925177,0.7075,0.9988908333333335
235,0.9371658155757701,0.9423313863100219,30,0.9498351793632352,0.9620644736842106,0.9936693588925177,0.7075,0.9988908333333335
236,0.9371406268474677,0.9423313863100219,30,0.9498351793632352,0.9620644736842106,0.9936693588925177,0.7075,0.9988908333333335
237,0.9370763602969001,0.9423313863100219,30,0.9498351793632352,0.9620644736842106,0.9936693588925177,0.7075,0.9988908333333335
238,0.9360339504989483,0.9423313863100219,30,0.9498351793632352,0.9620644736842106,0.9936693588925177,0.7075,0.9988908333333335
239,0.9365781158978527,0.9423313863100219,30,0.9498351793632352,0.9620644736842106,0.9936693588925177,0.7075,0.9988908333333335
240,0.9366648735445245,0.9423313863100219,30,0.9498351793632352,0.9620644736842106,0.9936693588925177,0.7075,0.9988908333333335
241,0.9363582387852716,0.9423313863100219,30,0.9498351793632352,0.9620644736842106,0.9936693588925177,0.7075,0.9988908333333335
242,0.9362414657952589,0.9423313863100219,30,0.9498351793632352,0.9620644736842106,0.9936693588925177,0.7075,0.9988908333333335
243,0.9375003576730622,0.9423313863100219,30,0.9498351793632352,0.9620644736842106,0.9936693588925177,0.7075,0.9988908333333335
244,0.9363091247404125,0.9423313863100219,30,0.9498351793632352,0.9620644736842106,0.9936693588925177,0.7075,0.9988908333333335
245,0.936041018558782,0.9423313863100219,30,0.9498351793632352,0.9620644736842106,0.9936693588925177,0.7075,0.9988908333333335
246,0.9345756774468108,0.9423313863100219,30,0.9498351793632352,0.9620644736842106,0.9936693588925177,0.7075,0.9988908333333335
247,0.9353847973237723,0.9423313863100219,30,0.9498351793632352,0.9620644736842106,0.9936693588925177,0.7075,0.9988908333333335
248,0.9349039978294347,0.9423313863100219,30,0.9498351793632352,0.9620644736842106,0.9936693588925177,0.7075,0.9988908333333335
249,0.9355259490213047,0.9423313863100219,30,0.9498351793632352,0.9620644736842106,0.9936693588925177,0.7075,0.9988908333333335
250,0.9344213037641613,0.9423313863100219,30,0.9498351793632352,0.9620644736842106,0.9936693588925177,0.7075,0.9988908333333335
251,0.9344883292505359,0.9423313863100219,30,0.9498351793632352,0.9620644736842106,0.9936693588925177,0.7075,0.9988908333333335
252,0.9338979110626738,0.9423313863100219,30,0.9498351793632352,0.9620644736842106,0.9936693588925177,0.7075,0.9988908333333335
253,0.9355099855337781,0.9423313863100219,30,0.9498351793632352,0.9620644736842106,0.9936693588925177,0.7075,0.9988908333333335
254,0.9353743676047276,0.9423313863100219,30,0.9498351793632352,0.9620644736842106,0.9936693588925177,0.7075,0.9988908333333335
255,0.9365434222796502,0.9423313863100219,30,0.9498351793632352,0.9620644736842106,0.9936693588925177,0.7075,0.9988908333333335
256,0.93612526838525,0.9423313863100219,30,0.9498351793632352,0.9620644736842106,0.9936693588925177,0.7075,0.9988908333333335
257,0.9369235091839986,0.9423313863100219,30,0.9498351793632352,0.9620644736842106,0.9936693588925177,0.7075,0.9988908333333335
258,0.9375735285372373,0.9423313863100219,30,0.9498351793632352,0.9620644736842106,0.9936693588925177,0.7075,0.9988908333333335
259,0.9366980228035557,0.9423313863100219,30,0.9498351793632352,0.9620644736842106,0.9936693588925177,0.7075,0.9988908333333335
260,0.9377129103845275,0.9423313863100219,30,0.9498351793632352,0.9620644736842106,0.9936693588925177,0.7075,0.9988908333333335
261,0.9373633373117181,0.9423313863100219,30,0.9498351793632352,0.9620644736842106,0.9936693588925177,0.7075,0.9988908333333335
262,0.938825711468452,0.9423313863100219,30,0.9498351793632352,0.9620644736842106,0.9936693588925177,0.7075,0.9988908333333335
263,0.9362608339173167,0.9423313863100219,30,0.9498351793632352,0.9620644736842106,0.9936693588925177,0.7075,0.9988908333333335
264,0.9366802753719607,0.9423313863100219,30,0.9498351793632352,0.9620644736842106,0.9936693588925177,0.7075,0.9988908333333335
265,0.9366435224596743,0.9423313863100219,30,0.9498351793632352,0.9620644736842106,0.9936693588925177,0.7075,0.9988908333333335
266,0.9354377168486835,0.9423313863100219,30,0.9498351793632352,0.9620644736842106,0.9936693588925177,0.7075,0.9988908333333335
267,0.9360723046195814,0.9423313863100219,30,0.9498351793632352,0.9620644736842106,0.9936693588925177,0.7075,0.9988908333333335
268,0.9353917055999735,0.9423313863100219,30,0.9498351793632352,0.9620644736842106,0.9936693588925177,0.7075,0.9988908333333335
269,0.9352374595605056,0.9423313863100219,30,0.9498351793632352,0.9620644736842106,0.9936693588925177,0.7075,0.9988908333333335
270,0.9345764267045044,0.9423313863100219,30,0.9498351793632352,0.9620644736842106,0.9936693588925177,0.7075,0.9988908333333335
271,0.9341405769473577,0.9423313863100219,30,0.9498351793632352,0.9620644736842106,0.9936693588925177,0.7075,0.9988908333333335
272,0.9332395933095509,0.9423313863100219,30,0.9498351793632352,0.9620644736842106,0.9936693588925177,0.7075,0.9988908333333335
273,0.9336830207218316,0.9423313863100219,30,0.9498351793632352,0.9620644736842106,0.9936693588925177,0.7075,0.9988908333333335
274,0.9347006260730572,0.9423313863100219,30,0.9498351793632352,0.9620644736842106,0.9936693588925177,0.7075,0.9988908333333335
275,0.9348065974453424,0.9423313863100219,30,0.9498351793632352,0.9620644736842106,0.9936693588925177,0.7075,0.9988908333333335
276,0.9374490842721356,0.9423313863100219,30,0.9498351793632352,0.9620644736842106,0.9936693588925177,0.7075,0.9988908333333335
277,0.9365116579481031,0.9423313863100219,30,0.9498351793632352,0.9620644736842106,0.9936693588925177,0.7075,0.9988908333333335
278,0.9381758254477857,0.9423313863100219,30,0.9498351793632352,0.9620644736842106,0.9936693588925177,0.7075,0.9988908333333335
279,0.9376345097269742,0.9423313863100219,30,0.9498351793632352,0.9620644736842106,0.9936693588925177,0.7075,0.9988908333333335
280,0.9372314371779547,0.9423313863100219,30,0.9498351793632352,0.9620644736842106,0.9936693588925177,0.7075,0.9988908333333335
281,0.9374732251191311,0.9423313863100219,30,0.9498351793632352,0.9620644736842106,0.9936693588925177,0.7075,0.9988908333333335
282,0.9372686953222051,0.9423313863100219,30,0.9498351793632352,0.9620644736842106,0.9936693588925177,0.7075,0.9988908333333335
283,0.93875646346849,0.9423313863100219,30,0.9498351793632352,0.9620644736842106,0.9936693588925177,0.7075,0.9988908333333335
284,0.9383798471824902,0.9423313863100219,30,0.9498351793632352,0.9620644736842106,0.9936693588925177,0.7075,0.9988908333333335
285,0.9382909785421395,0.9423313863100219,30,0.9498351793632352,0.9620644736842106,0.9936693588925177,0.7075,0.9988908333333335
286,0.9378709776008082,0.9423313863100219,30,0.9498351793632352,0.9620644736842106,0.9936693588925177,0.7075,0.9988908333333335
287,0.9373480604358572,0.9423313863100219,30,0.9498351793632352,0.9620644736842106,0.9936693588925177,0.7075,0.9988908333333335
288,0.9370162502875083,0.9423313863100219,30,0.9498351793632352,0.9620644736842106,0.9936693588925177,0.7075,0.9988908333333335
289,0.9363712775648987,0.9423313863100219,30,0.9498351793632352,0.9620644736842106,0.9936693588925177,0.7075,0.9988908333333335
290,0.9357063339882914,0.9423313863100219,30,0.9498351793632352,0.9620644736842106,0.9936693588925177,0.7075,0.9988908333333335
291,0.9366842471859385,0.9423313863100219,30,0.9498351793632352,0.9620644736842106,0.9936693588925177,0.7075,0.9988908333333335
292,0.9372185040835131,0.9423313863100219,30,0.9498351793632352,0.9620644736842106,0.9936693588925177,0.7075,0.9988908333333335
293,0.9363500065254637,0.9423313863100219,30,0.9498351793632352,0.9620644736842106,0.9936693588925177,0.7075,0.9988908333333335
294,0.9375758711410467,0.9423313863100219,30,0.9498351793632352,0.9620644736842106,0.9936693588925177,0.7075,0.9988908333333335
295,0.9372067463293168,0.9423313863100219,30,0.9498351793632352,0.9620644736842106,0.9936693588925177,0.7075,0.9988908333333335
296,0.9382302906128567,0.9423313863100219,30,0.9498351793632352,0.9620644736842106,0.9936693588925177,0.7075,0.9988908333333335
297,0.9386295861107927,0.9423313863100219,30,0.9498351793632352,0.9620644736842106,0.9936693588925177,0.7075,0.9988908333333335
298,0.9384244691861281,0.9423313863100219,30,0.9498351793632352,0.9620644736842106,0.9936693588925177,0.7075,0.9988908333333335
299,0.9380663144929172,0.9423313863100219,30,0.9498351793632352,0.9620644736842106,0.9936693588925177,0.7075,0.9988908333333335
